Tournament,Matchday,Date,Venue,Club,Opponent,Result,Position,Minute,When Scored,Goal Type,Assist,Nacionalidad
Fortuna 1 Liga ,1,7/29/07,Away,Znicz Pruszkow,Pelikan Lowicz,0:2,CF,90',0:2,Not Applicable,Not Applicable,Polaco
Fortuna 1 Liga ,2,8/5/07,Home,Znicz Pruszkow,Kmita Zabierzów,4:0,CF,77',4:0,Not Applicable,Not Applicable,Polaco
Fortuna 1 Liga ,22,3/22/08,Away,Znicz Pruszkow,Slask Wroclaw,0:3,CF,24',0:1,Not Applicable,Igor Lewczuk,Polaco
Fortuna 1 Liga ,22,3/22/08,Away,Znicz Pruszkow,Slask Wroclaw,0:3,CF,56',0:3,Not Applicable,Pawel Kaczmarek,Polaco
Fortuna 1 Liga ,31,5/11/08,Home,Znicz Pruszkow,Motor Lublin,3:0,CF,35',2:0,Not Applicable,Not Applicable,Polaco
UEFA-Cup Qualifikation ,First Round,7/17/08,Away,Lech Poznan,Xäzär Länkäran,0:1,Not Applicable,76',0:1,Not Applicable,Slawomir Peszko,Polaco
Ekstraklasa ,1,8/8/08,Home,Lech Poznan,GKS Belchatow,2:3,Not Applicable,67',2:1,Not Applicable,Tomasz Bandrowski,Polaco
UEFA-Cup Qualifikation ,Second Round,8/14/08,Home,Lech Poznan,Grasshopper Club Zurich,6:0,Not Applicable,14',2:0,Right-footed shot,Hernán Rengifo,Polaco
UEFA-Cup Qualifikation ,Second Round,8/14/08,Home,Lech Poznan,Grasshopper Club Zurich,6:0,Not Applicable,56',3:0,Right-footed shot,Semir Stilic,Polaco
Ekstraklasa ,3,8/23/08,Home,Lech Poznan,Górnik Zabrze,3:0,Not Applicable,10',1:0,Not Applicable,Semir Stilic,Polaco
Ekstraklasa ,4,8/31/08,Away,Lech Poznan,Arka Gdynia,2:1,Not Applicable,23',0:1,Not Applicable,Hernán Rengifo,Polaco
Ekstraklasa ,5,9/14/08,Away,Lech Poznan,Wisla Kraków,1:4,Not Applicable,8',0:2,Deflected shot on goal,Semir Stilic,Polaco
Ekstraklasa ,5,9/14/08,Away,Lech Poznan,Wisla Kraków,1:4,Not Applicable,58',1:4,Right-footed shot,Dimitrije Injac,Polaco
UEFA Cup ,First Round,10/2/08,Home,Lech Poznan,Austria Vienna,4:2,CF,99',3:1,Long distance kick,Not Applicable,Polaco
Ekstraklasa ,10,10/25/08,Home,Lech Poznan,Slask Wroclaw,1:1,Not Applicable,6',1:0,Not Applicable,Semir Stilic,Polaco
Ekstraklasa ,11,10/31/08,Home,Lech Poznan,Odra Wodzislaw Slaski,3:1,Not Applicable,53',3:1,Not Applicable,Not Applicable,Polaco
Ekstraklasa ,12,11/9/08,Away,Lech Poznan,Lechia Gdansk,0:3,Not Applicable,45',0:1,Not Applicable,Semir Stilic,Polaco
Ekstraklasa ,18,3/1/09,Away,Lech Poznan,GKS Belchatow,2:3,Not Applicable,90',2:3,Left-footed shot,Hernán Rengifo,Polaco
Fortuna Polish Cup ,Quarter-Finals,3/4/09,Away,Lech Poznan,Wisla Kraków,0:1,Not Applicable,49',0:1,Right-footed shot,Semir Stilic,Polaco
Ekstraklasa ,19,3/8/09,Home,Lech Poznan,Jagiellonia Bialystok,1:0,Not Applicable,48',1:0,Left-footed shot,Tomasz Bandrowski,Polaco
Fortuna Polish Cup ,Quarter-Finals,4/8/09,Home,Lech Poznan,Wisla Kraków,2:1,Not Applicable,26',1:0,Right-footed shot,Ivan Djurdjevic,Polaco
Ekstraklasa ,25,4/26/09,Away,Lech Poznan,Legia Warszawa,1:1,Not Applicable,75',1:1,Not Applicable,Bartosz Bosacki,Polaco
Ekstraklasa ,26,5/3/09,Home,Lech Poznan,Ruch Chorzow,1:1,Not Applicable,45',1:0,Right-footed shot,Slawomir Peszko,Polaco
Ekstraklasa ,27,5/9/09,Away,Lech Poznan,Slask Wroclaw,0:2,Not Applicable,12',0:1,Right-footed shot,Jakub Wilk,Polaco
Ekstraklasa ,28,5/15/09,Home,Lech Poznan,Lechia Gdansk,1:0,Not Applicable,85',1:0,Header,Rafal Murawski,Polaco
Superpuchar ,Final,7/25/09,Away,Lech Poznan,Wisla Kraków,3:4,CF,9',0:1,Right-footed shot,Marcin Kikut,Polaco
Europa League Qualifying ,3rd round,7/30/09,Away,Lech Poznan,Fredrikstad FK,1:6,Not Applicable,51',1:4,Right-footed shot,Tomasz Bandrowski,Polaco
Europa League Qualifying ,3rd round,8/6/09,Home,Lech Poznan,Fredrikstad FK,1:2,Not Applicable,63',1:2,Header,Semir Stilic,Polaco
Ekstraklasa ,2,8/9/09,Away,Lech Poznan,Korona Kielce,0:5,Not Applicable,85',0:4,Right-footed shot,Semir Stilic,Polaco
Ekstraklasa ,2,8/9/09,Away,Lech Poznan,Korona Kielce,0:5,Not Applicable,87',0:5,Left-footed shot,Marcin Kikut,Polaco
Ekstraklasa ,5,8/30/09,Home,Lech Poznan,GKS Belchatow,2:2,Not Applicable,59',1:2,Right-footed shot,Jakub Wilk,Polaco
Ekstraklasa ,6,9/12/09,Away,Lech Poznan,Jagiellonia Bialystok,2:3,Not Applicable,27',2:1,Left-footed shot,Marcin Kikut,Polaco
Ekstraklasa ,9,10/4/09,Away,Lech Poznan,Arka Gdynia,1:1,Not Applicable,76',1:1,Header,Slawomir Peszko,Polaco
Ekstraklasa ,10,10/18/09,Home,Lech Poznan,Wisla Kraków,1:0,Not Applicable,60',1:0,Right-footed shot,Semir Stilic,Polaco
Ekstraklasa ,13,11/7/09,Away,Lech Poznan,Polonia Bytom,1:1,Not Applicable,63',0:1,Right-footed shot,Jakub Wilk,Polaco
Ekstraklasa ,14,11/21/09,Home,Lech Poznan,Ruch Chorzow,3:1,Not Applicable,12',1:0,Not Applicable,Slawomir Peszko,Polaco
Ekstraklasa ,14,11/21/09,Home,Lech Poznan,Ruch Chorzow,3:1,Not Applicable,44',2:0,Right-footed shot,Tomasz Mikolajczak,Polaco
Ekstraklasa ,18,2/28/10,Away,Lech Poznan,Polonia Warsaw,0:3,Not Applicable,25',0:1,Right-footed shot,Slawomir Peszko,Polaco
Ekstraklasa ,18,2/28/10,Away,Lech Poznan,Polonia Warsaw,0:3,Not Applicable,72',0:2,Right-footed shot,Semir Stilic,Polaco
Ekstraklasa ,19,3/6/10,Home,Lech Poznan,Cracovia,3:1,Not Applicable,37',2:1,Tap-in,Slawomir Peszko,Polaco
Ekstraklasa ,21,3/21/10,Home,Lech Poznan,Jagiellonia Bialystok,2:0,Not Applicable,27',1:0,Header,Dimitrije Injac,Polaco
Ekstraklasa ,27,5/2/10,Away,Lech Poznan,Slask Wroclaw,0:3,Not Applicable,23',0:1,Header,Sergey Krivets,Polaco
Ekstraklasa ,27,5/2/10,Away,Lech Poznan,Slask Wroclaw,0:3,Not Applicable,57',0:3,Left-footed shot,Slawomir Peszko,Polaco
Ekstraklasa ,28,5/8/10,Home,Lech Poznan,Polonia Bytom,3:0,Not Applicable,34',3:0,Left-footed shot,Slawomir Peszko,Polaco
Ekstraklasa ,29,5/11/10,Away,Lech Poznan,Ruch Chorzow,1:2,Not Applicable,69',1:1,Left-footed shot,Grzegorz Wojtkowiak,Polaco
Ekstraklasa ,30,5/15/10,Home,Lech Poznan,Zaglebie Lubin,2:0,Not Applicable,58',2:0,Right-footed shot,Sergey Krivets,Polaco
Bundesliga ,4,9/19/10,Away,Borussia Dortmund,FC Schalke 04,1:3,CF,86',0:3,Header,Nuri Sahin,Polaco
Bundesliga ,5,9/22/10,Home,Borussia Dortmund,1.FC Kaiserslautern,5:0,Not Applicable,75',4:0,Right-footed shot,Jakub Blaszczykowski,Polaco
Bundesliga ,11,11/7/10,Away,Borussia Dortmund,Hannover 96,0:4,Not Applicable,81',0:3,Right-footed shot,Jakub Blaszczykowski,Polaco
Bundesliga ,13,11/20/10,Away,Borussia Dortmund,SC Freiburg,1:2,SS,75',1:1,Header,Marcel Schmelzer,Polaco
Europa League ,group stage,12/2/10,Home,Borussia Dortmund,Karpaty Lviv (-2021),3:0,CF,89',3:0,Left-footed shot,Nuri Sahin,Polaco
Bundesliga ,15,12/5/10,Away,Borussia Dortmund,1.FC Nuremberg,0:2,CF,88',0:2,Left-footed shot,Not Applicable,Polaco
Bundesliga ,25,3/4/11,Home,Borussia Dortmund,1. FC Köln,1:0,SS,44',1:0,Left-footed shot,Mario Götze,Polaco
Bundesliga ,30,4/17/11,Home,Borussia Dortmund,SC Freiburg,3:0,CF,43',2:0,Right-footed shot,Not Applicable,Polaco
Bundesliga ,32,4/30/11,Home,Borussia Dortmund,1.FC Nuremberg,2:0,SS,43',2:0,Right-footed shot,Mats Hummels,Polaco
DFB-Pokal ,First Round,7/30/11,Away,Borussia Dortmund,SV Sandhausen,0:3,CF,10',0:1,Right-footed shot,Shinji Kagawa,Polaco
DFB-Pokal ,First Round,7/30/11,Away,Borussia Dortmund,SV Sandhausen,0:3,CF,90',0:3,Tap-in,Ivan Perisic,Polaco
Bundesliga ,3,8/20/11,Home,Borussia Dortmund,1.FC Nuremberg,2:0,CF,50',1:0,Right-footed shot,Mario Götze,Polaco
Bundesliga ,5,9/10/11,Home,Borussia Dortmund,Hertha BSC,1:2,CF,88',1:2,Header,Antônio da Silva,Polaco
Bundesliga ,8,10/1/11,Home,Borussia Dortmund,FC Augsburg,4:0,CF,30',1:0,Right-footed shot,Jakub Blaszczykowski,Polaco
Bundesliga ,8,10/1/11,Home,Borussia Dortmund,FC Augsburg,4:0,CF,44',2:0,Right-footed shot,Sven Bender,Polaco
Bundesliga ,8,10/1/11,Home,Borussia Dortmund,FC Augsburg,4:0,CF,78',4:0,Header,Mario Götze,Polaco
Champions League ,Group Stage,10/19/11,Away,Borussia Dortmund,Olympiacos Piraeus,3:1,CF,26',1:1,Right-footed shot,Mario Götze,Polaco
Bundesliga ,10,10/22/11,Home,Borussia Dortmund,1. FC Köln,5:0,CF,44',3:0,Right-footed shot,Sven Bender,Polaco
Bundesliga ,10,10/22/11,Home,Borussia Dortmund,1. FC Köln,5:0,CF,50',4:0,Right-footed shot,Kevin Großkreutz,Polaco
DFB-Pokal ,Second Round,10/25/11,Home,Borussia Dortmund,SG Dynamo Dresden,2:0,CF,30',1:0,Header,Mario Götze,Polaco
Bundesliga ,12,11/5/11,Home,Borussia Dortmund,VfL Wolfsburg,5:1,CF,66',4:1,Right-footed shot,Shinji Kagawa,Polaco
Bundesliga ,14,11/26/11,Home,Borussia Dortmund,FC Schalke 04,2:0,SS,16',1:0,Header,Marcel Schmelzer,Polaco
Bundesliga ,15,12/3/11,Away,Borussia Dortmund,Borussia Mönchengladbach,1:1,CF,40',0:1,Header,Mario Götze,Polaco
Bundesliga ,17,12/17/11,Away,Borussia Dortmund,SC Freiburg,1:4,CF,7',0:1,Right-footed shot,Shinji Kagawa,Polaco
Bundesliga ,17,12/17/11,Away,Borussia Dortmund,SC Freiburg,1:4,CF,70',1:4,Left-footed shot,Kevin Großkreutz,Polaco
Bundesliga ,18,1/22/12,Away,Borussia Dortmund,Hamburger SV,1:5,CF,37',0:2,Right-footed shot,Jakub Blaszczykowski,Polaco
Bundesliga ,18,1/22/12,Away,Borussia Dortmund,Hamburger SV,1:5,CF,83',0:5,Right-footed shot,Kevin Großkreutz,Polaco
DFB-Pokal ,Quarter-Finals,2/7/12,Away,Borussia Dortmund,Holstein Kiel,0:4,CF,11',0:1,Right-footed shot,Ivan Perisic,Polaco
Bundesliga ,23,2/26/12,Home,Borussia Dortmund,Hannover 96,3:1,CF,27',1:0,Right-footed shot,Lukasz Piszczek,Polaco
Bundesliga ,23,2/26/12,Home,Borussia Dortmund,Hannover 96,3:1,CF,54',2:0,Right-footed shot,Jakub Blaszczykowski,Polaco
Bundesliga ,27,3/25/12,Away,Borussia Dortmund,1. FC Köln,1:6,CF,52',1:3,Right-footed shot,Jakub Blaszczykowski,Polaco
Bundesliga ,29,4/7/12,Away,Borussia Dortmund,VfL Wolfsburg,1:3,CF,22',0:1,Right-footed shot,Ivan Perisic,Polaco
Bundesliga ,29,4/7/12,Away,Borussia Dortmund,VfL Wolfsburg,1:3,CF,90',1:3,Right-footed shot,Moritz Leitner,Polaco
Bundesliga ,30,4/11/12,Home,Borussia Dortmund,Bayern Munich,1:0,CF,77',1:0,Deflected shot on goal,Kevin Großkreutz,Polaco
Bundesliga ,34,5/5/12,Home,Borussia Dortmund,SC Freiburg,4:0,CF,20',2:0,Left-footed shot,Neven Subotic,Polaco
Bundesliga ,34,5/5/12,Home,Borussia Dortmund,SC Freiburg,4:0,CF,27',3:0,Tap-in,Lukasz Piszczek,Polaco
DFB-Pokal ,Final,5/12/12,Home,Borussia Dortmund,Bayern Munich,5:2,CF,45'+1,3:1,Right-footed shot,Shinji Kagawa,Polaco
DFB-Pokal ,Final,5/12/12,Home,Borussia Dortmund,Bayern Munich,5:2,CF,58',4:1,Right-footed shot,Kevin Großkreutz,Polaco
DFB-Pokal ,Final,5/12/12,Home,Borussia Dortmund,Bayern Munich,5:2,CF,81',5:2,Header,Lukasz Piszczek,Polaco
DFL-Supercup ,Final,8/12/12,Away,Borussia Dortmund,Bayern Munich,2:1,CF,75',2:1,Right-footed shot,Julian Schieber,Polaco
Bundesliga ,3,9/15/12,Home,Borussia Dortmund,Bayer 04 Leverkusen,3:0,CF,78',3:0,Header,Marco Reus,Polaco
Champions League ,Group Stage,9/18/12,Home,Borussia Dortmund,Ajax Amsterdam,1:0,CF,87',1:0,Right-footed shot,Lukasz Piszczek,Polaco
Bundesliga ,7,10/7/12,Away,Borussia Dortmund,Hannover 96,1:1,CF,26',0:1,Right-footed shot,Lukasz Piszczek,Polaco
Bundesliga ,8,10/20/12,Home,Borussia Dortmund,FC Schalke 04,1:2,CF,55',1:2,Header,Marco Reus,Polaco
Champions League ,Group Stage,10/24/12,Home,Borussia Dortmund,Real Madrid,2:1,CF,36',1:0,Right-footed shot,Sebastian Kehl,Polaco
Bundesliga ,11,11/10/12,Away,Borussia Dortmund,FC Augsburg,1:3,CF,51',0:2,Left-footed shot,Mario Götze,Polaco
Bundesliga ,11,11/10/12,Away,Borussia Dortmund,FC Augsburg,1:3,CF,70',0:3,Left-footed shot,Marco Reus,Polaco
Bundesliga ,12,11/17/12,Home,Borussia Dortmund,SpVgg Greuther Fürth,3:1,CF,3',1:0,Left-footed shot,Mario Götze,Polaco
Bundesliga ,12,11/17/12,Home,Borussia Dortmund,SpVgg Greuther Fürth,3:1,CF,15',2:1,Penalty,Not Applicable,Polaco
Champions League ,Group Stage,11/21/12,Away,Borussia Dortmund,Ajax Amsterdam,1:4,CF,41',0:3,Right-footed shot,Mario Götze,Polaco
Champions League ,Group Stage,11/21/12,Away,Borussia Dortmund,Ajax Amsterdam,1:4,CF,67',0:4,Right-footed shot,Mario Götze,Polaco
Bundesliga ,13,11/24/12,Away,Borussia Dortmund,1.FSV Mainz 05,1:2,CF,12',1:1,Right-footed shot,Marco Reus,Polaco
Bundesliga ,13,11/24/12,Away,Borussia Dortmund,1.FSV Mainz 05,1:2,CF,43',1:2,Right-footed shot,Mario Götze,Polaco
Bundesliga ,17,12/16/12,Away,Borussia Dortmund,TSG 1899 Hoffenheim,1:3,CF,66',1:3,Left-footed shot,Ilkay Gündogan,Polaco
DFB-Pokal ,Round of 16,12/19/12,Home,Borussia Dortmund,Hannover 96,5:1,CF,90',5:1,Right-footed shot,Leonardo Bittencourt,Polaco
Bundesliga ,18,1/19/13,Away,Borussia Dortmund,SV Werder Bremen,0:5,CF,81',0:4,Left-footed shot,Lukasz Piszczek,Polaco
Bundesliga ,19,1/25/13,Home,Borussia Dortmund,1.FC Nuremberg,3:0,CF,88',3:0,Right-footed shot,Marco Reus,Polaco
Bundesliga ,20,2/3/13,Away,Borussia Dortmund,Bayer 04 Leverkusen,2:3,CF,63',2:3,Right-footed shot,Mario Götze,Polaco
Bundesliga ,21,2/9/13,Home,Borussia Dortmund,Hamburger SV,1:4,CF,17',1:0,Right-footed shot,Mats Hummels,Polaco
Champions League ,last 16,2/13/13,Away,Borussia Dortmund,Shakhtar Donetsk,2:2,CF,41',1:1,Right-footed shot,Mario Götze,Polaco
Bundesliga ,24,3/2/13,Home,Borussia Dortmund,Hannover 96,3:1,CF,8',1:0,Right-footed shot,Kevin Großkreutz,Polaco
Bundesliga ,24,3/2/13,Home,Borussia Dortmund,Hannover 96,3:1,CF,21',2:0,Tap-in,Kevin Großkreutz,Polaco
Bundesliga ,25,3/9/13,Away,Borussia Dortmund,FC Schalke 04,2:1,CF,59',2:1,Right-footed shot,Jakub Blaszczykowski,Polaco
Bundesliga ,26,3/16/13,Home,Borussia Dortmund,SC Freiburg,5:1,CF,41',1:1,Header,Nuri Sahin,Polaco
Bundesliga ,26,3/16/13,Home,Borussia Dortmund,SC Freiburg,5:1,CF,45'+1,3:1,Left-footed shot,Not Applicable,Polaco
Bundesliga ,27,3/30/13,Away,Borussia Dortmund,VfB Stuttgart,1:2,CF,82',1:2,Right-footed shot,Lukasz Piszczek,Polaco
Bundesliga ,28,4/6/13,Home,Borussia Dortmund,FC Augsburg,4:2,SS,90'+2,4:2,Right-footed shot,Mario Götze,Polaco
Champions League ,Quarter-Finals,4/9/13,Home,Borussia Dortmund,Málaga CF,3:2,CF,40',1:1,Right-footed shot,Marco Reus,Polaco
Bundesliga ,29,4/13/13,Away,Borussia Dortmund,SpVgg Greuther Fürth,1:6,CF,80',1:6,Left-footed shot,Jakub Blaszczykowski,Polaco
Bundesliga ,30,4/20/13,Home,Borussia Dortmund,1.FSV Mainz 05,2:0,CF,87',2:0,Right-footed shot,Lukasz Piszczek,Polaco
Champions League ,Semi-Finals,4/24/13,Home,Borussia Dortmund,Real Madrid,4:1,CF,8',1:0,Right-footed shot,Mario Götze,Polaco
Champions League ,Semi-Finals,4/24/13,Home,Borussia Dortmund,Real Madrid,4:1,CF,50',2:1,Right-footed shot,Marco Reus,Polaco
Champions League ,Semi-Finals,4/24/13,Home,Borussia Dortmund,Real Madrid,4:1,CF,55',3:1,Right-footed shot,Marcel Schmelzer,Polaco
Champions League ,Semi-Finals,4/24/13,Home,Borussia Dortmund,Real Madrid,4:1,CF,67',4:1,Penalty,Not Applicable,Polaco
Bundesliga ,34,5/18/13,Home,Borussia Dortmund,TSG 1899 Hoffenheim,1:2,CF,6',1:0,Tap-in,Jakub Blaszczykowski,Polaco
DFB-Pokal ,First Round,8/3/13,Away,Borussia Dortmund,SV Wilhelmshaven,0:3,CF,90',0:3,Right-footed shot,Jonas Hofmann,Polaco
Bundesliga ,1,8/10/13,Away,Borussia Dortmund,FC Augsburg,0:4,CF,86',0:4,Penalty,Not Applicable,Polaco
Bundesliga ,3,8/23/13,Home,Borussia Dortmund,SV Werder Bremen,1:0,CF,55',1:0,Right-footed shot,Marco Reus,Polaco
Bundesliga ,5,9/14/13,Home,Borussia Dortmund,Hamburger SV,6:2,CF,73',4:2,Right-footed shot,Pierre-Emerick Aubameyang,Polaco
Bundesliga ,5,9/14/13,Home,Borussia Dortmund,Hamburger SV,6:2,CF,81',6:2,Header,Nuri Sahin,Polaco
Bundesliga ,7,9/28/13,Home,Borussia Dortmund,SC Freiburg,5:0,CF,58',3:0,Right-footed shot,Marco Reus,Polaco
Bundesliga ,7,9/28/13,Home,Borussia Dortmund,SC Freiburg,5:0,CF,70',4:0,Left-footed shot,Jonas Hofmann,Polaco
Champions League ,Group Stage,10/1/13,Home,Borussia Dortmund,Olympique Marseille,3:0,CF,19',1:0,Left-footed shot,Erik Durm,Polaco
Champions League ,Group Stage,10/1/13,Home,Borussia Dortmund,Olympique Marseille,3:0,CF,80',3:0,Penalty,Not Applicable,Polaco
Champions League ,Group Stage,10/22/13,Away,Borussia Dortmund,Arsenal FC,1:2,CF,82',1:2,Right-footed shot,Kevin Großkreutz,Polaco
Bundesliga ,11,11/1/13,Home,Borussia Dortmund,VfB Stuttgart,6:1,CF,54',3:1,Right-footed shot,Marco Reus,Polaco
Bundesliga ,11,11/1/13,Home,Borussia Dortmund,VfB Stuttgart,6:1,CF,56',4:1,Left-footed shot,Henrikh Mkhitaryan,Polaco
Bundesliga ,11,11/1/13,Home,Borussia Dortmund,VfB Stuttgart,6:1,CF,72',5:1,Right-footed shot,Jakub Blaszczykowski,Polaco
Bundesliga ,14,11/30/13,Away,Borussia Dortmund,1.FSV Mainz 05,1:3,CF,78',1:2,Penalty,Not Applicable,Polaco
Bundesliga ,14,11/30/13,Away,Borussia Dortmund,1.FSV Mainz 05,1:3,CF,90'+4,1:3,Penalty,Not Applicable,Polaco
Champions League ,Group Stage,12/11/13,Away,Borussia Dortmund,Olympique Marseille,1:2,CF,4',0:1,Left-footed shot,Erik Durm,Polaco
Bundesliga ,20,2/8/14,Away,Borussia Dortmund,SV Werder Bremen,1:5,CF,26',0:1,Right-footed shot,Marcel Schmelzer,Polaco
Bundesliga ,20,2/8/14,Away,Borussia Dortmund,SV Werder Bremen,1:5,CF,85',0:5,Right-footed shot,Jonas Hofmann,Polaco
Bundesliga ,21,2/15/14,Home,Borussia Dortmund,Eintracht Frankfurt,4:0,CF,47',3:0,Penalty,Not Applicable,Polaco
Champions League ,last 16,2/25/14,Away,Borussia Dortmund,Zenit St. Petersburg,2:4,CF,61',1:3,Right-footed shot,Lukasz Piszczek,Polaco
Champions League ,last 16,2/25/14,Away,Borussia Dortmund,Zenit St. Petersburg,2:4,CF,71',2:4,Right-footed shot,Marco Reus,Polaco
Bundesliga ,23,3/1/14,Home,Borussia Dortmund,1.FC Nuremberg,3:0,CF,64',2:0,Right-footed shot,Henrikh Mkhitaryan,Polaco
Bundesliga ,26,3/22/14,Away,Borussia Dortmund,Hannover 96,0:3,CF,52',0:2,Right-footed shot,Henrikh Mkhitaryan,Polaco
Bundesliga ,29,4/5/14,Home,Borussia Dortmund,VfL Wolfsburg,2:1,CF,51',1:1,Header,Marco Reus,Polaco
DFB-Pokal ,Semi-Finals,4/15/14,Home,Borussia Dortmund,VfL Wolfsburg,2:0,CF,43',2:0,Left-footed shot,Marco Reus,Polaco
Bundesliga ,31,4/19/14,Home,Borussia Dortmund,1.FSV Mainz 05,4:2,CF,18',2:1,Right-footed shot,Henrikh Mkhitaryan,Polaco
Bundesliga ,34,5/10/14,Away,Borussia Dortmund,Hertha BSC,0:4,CF,41',0:1,Right-footed shot,Mats Hummels,Polaco
Bundesliga ,34,5/10/14,Away,Borussia Dortmund,Hertha BSC,0:4,CF,80',0:3,Direct free kick,Not Applicable,Polaco
Bundesliga ,2,8/30/14,Away,Bayern Munich,FC Schalke 04,1:1,CF,10',0:1,Right-footed shot,Sebastian Rode,Polaco
Bundesliga ,5,9/23/14,Home,Bayern Munich,SC Paderborn 07,4:0,CF,14',2:0,Right-footed shot,Philipp Lahm,Polaco
Bundesliga ,7,10/4/14,Home,Bayern Munich,Hannover 96,4:0,CF,6',1:0,Right-footed shot,Rafinha,Polaco
Bundesliga ,7,10/4/14,Home,Bayern Munich,Hannover 96,4:0,CF,38',3:0,Right-footed shot,Xherdan Shaqiri,Polaco
Champions League ,Group Stage,10/21/14,Away,Bayern Munich,AS Roma,1:7,CF,25',0:3,Header,Juan Bernat,Polaco
DFB-Pokal ,Second Round,10/29/14,Away,Bayern Munich,Hamburger SV,1:3,CF,7',0:1,Right-footed shot,Not Applicable,Polaco
Bundesliga ,10,11/1/14,Home,Bayern Munich,Borussia Dortmund,2:1,CF,72',1:1,Left-footed shot,Not Applicable,Polaco
Bundesliga ,12,11/22/14,Home,Bayern Munich,TSG 1899 Hoffenheim,4:0,CF,39',2:0,Header,Arjen Robben,Polaco
Champions League ,Group Stage,11/25/14,Away,Bayern Munich,Manchester City,3:2,CF,45',1:2,Header,Jérôme Boateng,Polaco
Bundesliga ,15,12/13/14,Away,Bayern Munich,FC Augsburg,0:4,CF,68',0:3,Right-footed shot,Bastian Schweinsteiger,Polaco
Bundesliga ,21,2/14/15,Home,Bayern Munich,Hamburger SV,8:0,LW,56',6:0,Right-footed shot,Thomas Müller,Polaco
Bundesliga ,22,2/21/15,Away,Bayern Munich,SC Paderborn 07,0:6,CF,24',0:1,Right-footed shot,Arjen Robben,Polaco
Bundesliga ,22,2/21/15,Away,Bayern Munich,SC Paderborn 07,0:6,CF,37',0:2,Right-footed shot,Franck Ribéry,Polaco
Bundesliga ,23,2/27/15,Home,Bayern Munich,1. FC Köln,4:1,CF,75',4:1,Chest,Arjen Robben,Polaco
Champions League ,last 16,3/11/15,Home,Bayern Munich,Shakhtar Donetsk,7:0,CF,75',6:0,Right-footed shot,Bastian Schweinsteiger,Polaco
Bundesliga ,25,3/14/15,Away,Bayern Munich,SV Werder Bremen,0:4,CF,76',0:3,Header,Thomas Müller,Polaco
Bundesliga ,25,3/14/15,Away,Bayern Munich,SV Werder Bremen,0:4,CF,90'+1,0:4,Right-footed shot,Thomas Müller,Polaco
Bundesliga ,27,4/4/15,Away,Bayern Munich,Borussia Dortmund,0:1,CF,36',0:1,Header,Thomas Müller,Polaco
Bundesliga ,28,4/11/15,Home,Bayern Munich,Eintracht Frankfurt,3:0,CF,15',1:0,Right-footed shot,Thomas Müller,Polaco
Bundesliga ,28,4/11/15,Home,Bayern Munich,Eintracht Frankfurt,3:0,CF,66',2:0,Header,Mario Götze,Polaco
Champions League ,Quarter-Finals,4/21/15,Home,Bayern Munich,FC Porto,6:1,CF,27',3:0,Header,Thomas Müller,Polaco
Champions League ,Quarter-Finals,4/21/15,Home,Bayern Munich,FC Porto,6:1,CF,40',5:0,Right-footed shot,Thomas Müller,Polaco
DFB-Pokal ,Semi-Finals,4/28/15,Home,Bayern Munich,Borussia Dortmund,1:3,CF,29',1:0,Right-footed shot,Medhi Benatia,Polaco
Champions League ,Semi-Finals,5/12/15,Home,Bayern Munich,FC Barcelona,3:2,CF,59',2:2,Right-footed shot,Bastian Schweinsteiger,Polaco
Bundesliga ,34,5/23/15,Home,Bayern Munich,1.FSV Mainz 05,2:0,CF,25',1:0,Penalty,Not Applicable,Polaco
DFB-Pokal ,First Round,8/9/15,Away,Bayern Munich,FC Nöttingen,1:3,CF,26',1:3,Left-footed shot,Not Applicable,Polaco
Bundesliga ,1,8/14/15,Home,Bayern Munich,Hamburger SV,5:0,CF,53',2:0,Right-footed shot,Not Applicable,Polaco
Bundesliga ,2,8/22/15,Away,Bayern Munich,TSG 1899 Hoffenheim,1:2,CF,90',1:2,Right-footed shot,Douglas Costa,Polaco
Bundesliga ,4,9/12/15,Home,Bayern Munich,FC Augsburg,2:1,CF,77',1:1,Tap-in,Thomas Müller,Polaco
Bundesliga ,6,9/22/15,Home,Bayern Munich,VfL Wolfsburg,5:1,CF,51',1:1,Left-footed shot,Not Applicable,Polaco
Bundesliga ,6,9/22/15,Home,Bayern Munich,VfL Wolfsburg,5:1,CF,52',2:1,Right-footed shot,Douglas Costa,Polaco
Bundesliga ,6,9/22/15,Home,Bayern Munich,VfL Wolfsburg,5:1,CF,55',3:1,Left-footed shot,Not Applicable,Polaco
Bundesliga ,6,9/22/15,Home,Bayern Munich,VfL Wolfsburg,5:1,CF,57',4:1,Right-footed shot,Douglas Costa,Polaco
Bundesliga ,6,9/22/15,Home,Bayern Munich,VfL Wolfsburg,5:1,CF,60',5:1,Right-footed shot,Mario Götze,Polaco
Bundesliga ,7,9/26/15,Away,Bayern Munich,1.FSV Mainz 05,0:3,CF,51',0:1,Header,Kingsley Coman,Polaco
Bundesliga ,7,9/26/15,Away,Bayern Munich,1.FSV Mainz 05,0:3,CF,63',0:2,Left-footed shot,Arturo Vidal,Polaco
Champions League ,Group Stage,9/29/15,Home,Bayern Munich,GNK Dinamo Zagreb,5:0,CF,22',2:0,Right-footed shot,Thiago,Polaco
Champions League ,Group Stage,9/29/15,Home,Bayern Munich,GNK Dinamo Zagreb,5:0,CF,28',4:0,Left-footed shot,Douglas Costa,Polaco
Champions League ,Group Stage,9/29/15,Home,Bayern Munich,GNK Dinamo Zagreb,5:0,CF,55',5:0,Right-footed shot,Thiago,Polaco
Bundesliga ,8,10/4/15,Home,Bayern Munich,Borussia Dortmund,5:1,CF,46',3:1,Right-footed shot,Jérôme Boateng,Polaco
Bundesliga ,8,10/4/15,Home,Bayern Munich,Borussia Dortmund,5:1,CF,58',4:1,Left-footed shot,Mario Götze,Polaco
Bundesliga ,10,10/24/15,Home,Bayern Munich,1. FC Köln,4:0,CF,63',3:0,Header,Douglas Costa,Polaco
Champions League ,Group Stage,11/4/15,Home,Bayern Munich,Arsenal FC,5:1,CF,10',1:0,Header,Thiago,Polaco
Bundesliga ,12,11/7/15,Home,Bayern Munich,VfB Stuttgart,4:0,CF,37',3:0,Right-footed shot,Thomas Müller,Polaco
Champions League ,Group Stage,11/24/15,Home,Bayern Munich,Olympiacos Piraeus,4:0,CF,16',2:0,Right-footed shot,Kingsley Coman,Polaco
Champions League ,Group Stage,12/9/15,Away,Bayern Munich,GNK Dinamo Zagreb,0:2,CF,61',0:1,Header,Thomas Müller,Polaco
Champions League ,Group Stage,12/9/15,Away,Bayern Munich,GNK Dinamo Zagreb,0:2,CF,64',0:2,Right-footed shot,Sebastian Rode,Polaco
Bundesliga ,16,12/12/15,Home,Bayern Munich,FC Ingolstadt 04,2:0,CF,65',1:0,Right-footed shot,Jérôme Boateng,Polaco
Bundesliga ,18,1/22/16,Away,Bayern Munich,Hamburger SV,1:2,CF,37',0:1,Penalty,Not Applicable,Polaco
Bundesliga ,18,1/22/16,Away,Bayern Munich,Hamburger SV,1:2,CF,61',1:2,Deflected shot on goal,Thomas Müller,Polaco
Bundesliga ,19,1/31/16,Home,Bayern Munich,TSG 1899 Hoffenheim,2:0,CF,32',1:0,Right-footed shot,Douglas Costa,Polaco
Bundesliga ,19,1/31/16,Home,Bayern Munich,TSG 1899 Hoffenheim,2:0,CF,64',2:0,Right-footed shot,Philipp Lahm,Polaco
DFB-Pokal ,Quarter-Finals,2/10/16,Away,Bayern Munich,VfL Bochum,0:3,CF,39',0:1,Right-footed shot,Thomas Müller,Polaco
DFB-Pokal ,Quarter-Finals,2/10/16,Away,Bayern Munich,VfL Bochum,0:3,CF,90',0:3,Right-footed shot,Arjen Robben,Polaco
Bundesliga ,21,2/14/16,Away,Bayern Munich,FC Augsburg,1:3,CF,15',0:1,Right-footed shot,Thomas Müller,Polaco
Bundesliga ,21,2/14/16,Away,Bayern Munich,FC Augsburg,1:3,CF,62',0:2,Right-footed shot,Thiago,Polaco
Bundesliga ,22,2/20/16,Home,Bayern Munich,SV Darmstadt 98,3:1,CF,84',3:1,Right-footed shot,Franck Ribéry,Polaco
Bundesliga ,23,2/27/16,Away,Bayern Munich,VfL Wolfsburg,0:2,CF,74',0:2,Right-footed shot,Franck Ribéry,Polaco
Bundesliga ,26,3/12/16,Home,Bayern Munich,SV Werder Bremen,5:0,CF,86',4:0,Right-footed shot,Not Applicable,Polaco
Champions League ,last 16,3/16/16,Home,Bayern Munich,Juventus FC,4:2,CF,73',1:2,Header,Douglas Costa,Polaco
Bundesliga ,27,3/19/16,Away,Bayern Munich,1. FC Köln,0:1,CF,9',0:1,Right-footed shot,Not Applicable,Polaco
Bundesliga ,30,4/16/16,Home,Bayern Munich,FC Schalke 04,3:0,CF,54',1:0,Left-footed shot,Arturo Vidal,Polaco
Bundesliga ,30,4/16/16,Home,Bayern Munich,FC Schalke 04,3:0,CF,65',2:0,Header,Rafinha,Polaco
Champions League ,Semi-Finals,5/3/16,Home,Bayern Munich,Atlético de Madrid,2:1,CF,74',2:1,Header,Arturo Vidal,Polaco
Bundesliga ,33,5/7/16,Away,Bayern Munich,FC Ingolstadt 04,1:2,CF,15',0:1,Penalty,Not Applicable,Polaco
Bundesliga ,33,5/7/16,Away,Bayern Munich,FC Ingolstadt 04,1:2,CF,32',0:2,Right-footed shot,Xabi Alonso,Polaco
Bundesliga ,34,5/14/16,Home,Bayern Munich,Hannover 96,3:1,CF,12',1:0,Right-footed shot,Not Applicable,Polaco
DFB-Pokal ,First Round,8/19/16,Away,Bayern Munich,FC Carl Zeiss Jena,0:5,CF,3',0:1,Right-footed shot,Thomas Müller,Polaco
DFB-Pokal ,First Round,8/19/16,Away,Bayern Munich,FC Carl Zeiss Jena,0:5,CF,34',0:2,Right-footed shot,Franck Ribéry,Polaco
DFB-Pokal ,First Round,8/19/16,Away,Bayern Munich,FC Carl Zeiss Jena,0:5,CF,43',0:3,Right-footed shot,Franck Ribéry,Polaco
Bundesliga ,1,8/26/16,Home,Bayern Munich,SV Werder Bremen,6:0,CF,13',2:0,Right-footed shot,Not Applicable,Polaco
Bundesliga ,1,8/26/16,Home,Bayern Munich,SV Werder Bremen,6:0,CF,46',3:0,Right-footed shot,Thomas Müller,Polaco
Bundesliga ,1,8/26/16,Home,Bayern Munich,SV Werder Bremen,6:0,CF,77',6:0,Penalty,Not Applicable,Polaco
Bundesliga ,2,9/9/16,Away,Bayern Munich,FC Schalke 04,0:2,CF,81',0:1,Right-footed shot,Javi Martínez,Polaco
Champions League ,Group Stage,9/13/16,Home,Bayern Munich,FK Rostov,5:0,CF,28',1:0,Penalty,Not Applicable,Polaco
Bundesliga ,3,9/17/16,Home,Bayern Munich,FC Ingolstadt 04,3:1,CF,13',1:1,Left-footed shot,Franck Ribéry,Polaco
Champions League ,Group Stage,10/19/16,Home,Bayern Munich,PSV Eindhoven,4:1,CF,59',3:1,Header,Arjen Robben,Polaco
Bundesliga ,9,10/29/16,Away,Bayern Munich,FC Augsburg,1:3,CF,19',0:1,Left-footed shot,Arjen Robben,Polaco
Bundesliga ,9,10/29/16,Away,Bayern Munich,FC Augsburg,1:3,CF,48',0:3,Right-footed shot,Arjen Robben,Polaco
Champions League ,Group Stage,11/1/16,Away,Bayern Munich,PSV Eindhoven,1:2,CF,34',1:1,Penalty,Not Applicable,Polaco
Champions League ,Group Stage,11/1/16,Away,Bayern Munich,PSV Eindhoven,1:2,CF,74',1:2,Right-footed shot,David Alaba,Polaco
Bundesliga ,13,12/2/16,Away,Bayern Munich,1.FSV Mainz 05,1:3,CF,8',1:1,Right-footed shot,Arjen Robben,Polaco
Bundesliga ,13,12/2/16,Away,Bayern Munich,1.FSV Mainz 05,1:3,CF,90',1:3,Direct free kick,Not Applicable,Polaco
Champions League ,Group Stage,12/6/16,Home,Bayern Munich,Atlético de Madrid,1:0,CF,28',1:0,Direct free kick,Not Applicable,Polaco
Bundesliga ,14,12/10/16,Home,Bayern Munich,VfL Wolfsburg,5:0,CF,22',2:0,Left-footed shot,Not Applicable,Polaco
Bundesliga ,14,12/10/16,Home,Bayern Munich,VfL Wolfsburg,5:0,CF,58',3:0,Left-footed shot,Thomas Müller,Polaco
Bundesliga ,16,12/21/16,Home,Bayern Munich,RB Leipzig,3:0,CF,44',3:0,Penalty,Not Applicable,Polaco
Bundesliga ,17,1/20/17,Away,Bayern Munich,SC Freiburg,1:2,CF,35',1:1,Left-footed shot,Douglas Costa,Polaco
Bundesliga ,17,1/20/17,Away,Bayern Munich,SC Freiburg,1:2,CF,90'+1,1:2,Left-footed shot,Franck Ribéry,Polaco
Bundesliga ,19,2/4/17,Home,Bayern Munich,FC Schalke 04,1:1,CF,9',1:0,Left-footed shot,Arturo Vidal,Polaco
Champions League ,last 16,2/15/17,Home,Bayern Munich,Arsenal FC,5:1,CF,53',2:1,Header,Philipp Lahm,Polaco
Bundesliga ,21,2/18/17,Away,Bayern Munich,Hertha BSC,1:1,CF,90'+6,1:1,Tap-in,Not Applicable,Polaco
Bundesliga ,22,2/25/17,Home,Bayern Munich,Hamburger SV,8:0,CF,24',2:0,Penalty,Not Applicable,Polaco
Bundesliga ,22,2/25/17,Home,Bayern Munich,Hamburger SV,8:0,CF,42',3:0,Right-footed shot,Douglas Costa,Polaco
Bundesliga ,22,2/25/17,Home,Bayern Munich,Hamburger SV,8:0,CF,54',4:0,Right-footed shot,Arjen Robben,Polaco
DFB-Pokal ,Quarter-Finals,3/1/17,Home,Bayern Munich,FC Schalke 04,3:0,CF,3',1:0,Left-footed shot,Franck Ribéry,Polaco
DFB-Pokal ,Quarter-Finals,3/1/17,Home,Bayern Munich,FC Schalke 04,3:0,CF,29',3:0,Right-footed shot,Franck Ribéry,Polaco
Champions League ,last 16,3/7/17,Away,Bayern Munich,Arsenal FC,1:5,CF,55',1:1,Penalty,Not Applicable,Polaco
Bundesliga ,24,3/11/17,Home,Bayern Munich,Eintracht Frankfurt,3:0,CF,38',1:0,Right-footed shot,Thomas Müller,Polaco
Bundesliga ,24,3/11/17,Home,Bayern Munich,Eintracht Frankfurt,3:0,CF,55',3:0,Right-footed shot,Arjen Robben,Polaco
Bundesliga ,26,4/1/17,Home,Bayern Munich,FC Augsburg,6:0,CF,17',1:0,Left-footed shot,Thiago,Polaco
Bundesliga ,26,4/1/17,Home,Bayern Munich,FC Augsburg,6:0,CF,55',3:0,Right-footed shot,Franck Ribéry,Polaco
Bundesliga ,26,4/1/17,Home,Bayern Munich,FC Augsburg,6:0,CF,79',5:0,Header,Thomas Müller,Polaco
Bundesliga ,28,4/8/17,Home,Bayern Munich,Borussia Dortmund,4:1,CF,10',2:0,Direct free kick,Not Applicable,Polaco
Bundesliga ,28,4/8/17,Home,Bayern Munich,Borussia Dortmund,4:1,CF,68',4:1,Penalty,Not Applicable,Polaco
Champions League ,Quarter-Finals,4/18/17,Away,Bayern Munich,Real Madrid,4:2,CF,53',0:1,Penalty,Not Applicable,Polaco
Bundesliga ,31,4/29/17,Away,Bayern Munich,VfL Wolfsburg,0:6,CF,36',0:2,Right-footed shot,Thomas Müller,Polaco
Bundesliga ,31,4/29/17,Away,Bayern Munich,VfL Wolfsburg,0:6,CF,45',0:3,Left-footed shot,Kingsley Coman,Polaco
Bundesliga ,33,5/13/17,Away,Bayern Munich,RB Leipzig,4:5,CF,17',1:1,Penalty,Not Applicable,Polaco
Bundesliga ,33,5/13/17,Away,Bayern Munich,RB Leipzig,4:5,CF,84',4:3,Header,Arjen Robben,Polaco
DFL-Supercup ,Final,8/5/17,Away,Bayern Munich,Borussia Dortmund,6:7,CF,18',1:1,Right-footed shot,Joshua Kimmich,Polaco
DFB-Pokal ,First Round,8/12/17,Away,Bayern Munich,Chemnitzer FC,0:5,CF,20',0:1,Direct free kick,Not Applicable,Polaco
DFB-Pokal ,First Round,8/12/17,Away,Bayern Munich,Chemnitzer FC,0:5,CF,60',0:3,Right-footed shot,Corentin Tolisso,Polaco
Bundesliga ,1,8/18/17,Home,Bayern Munich,Bayer 04 Leverkusen,3:1,CF,53',3:0,Penalty,Not Applicable,Polaco
Bundesliga ,2,8/26/17,Away,Bayern Munich,SV Werder Bremen,0:2,CF,72',0:1,Right-footed shot,Kingsley Coman,Polaco
Bundesliga ,2,8/26/17,Away,Bayern Munich,SV Werder Bremen,0:2,CF,75',0:2,Left-footed shot,Not Applicable,Polaco
Champions League ,Group Stage,9/12/17,Home,Bayern Munich,RSC Anderlecht,3:0,CF,12',1:0,Penalty,Not Applicable,Polaco
Bundesliga ,4,9/16/17,Home,Bayern Munich,1.FSV Mainz 05,4:0,CF,50',3:0,Left-footed shot,Thomas Müller,Polaco
Bundesliga ,4,9/16/17,Home,Bayern Munich,1.FSV Mainz 05,4:0,CF,77',4:0,Header,Joshua Kimmich,Polaco
Bundesliga ,5,9/19/17,Away,Bayern Munich,FC Schalke 04,0:3,CF,25',0:1,Penalty,Not Applicable,Polaco
Bundesliga ,6,9/22/17,Home,Bayern Munich,VfL Wolfsburg,2:2,CF,33',1:0,Penalty,Not Applicable,Polaco
Bundesliga ,7,10/1/17,Away,Bayern Munich,Hertha BSC,2:2,CF,49',0:2,Left-footed shot,Corentin Tolisso,Polaco
Bundesliga ,8,10/14/17,Home,Bayern Munich,SC Freiburg,5:0,CF,75',4:0,Right-footed shot,Thomas Müller,Polaco
Bundesliga ,10,10/28/17,Home,Bayern Munich,RB Leipzig,2:0,CF,38',2:0,Right-footed shot,Javi Martínez,Polaco
Bundesliga ,11,11/4/17,Away,Bayern Munich,Borussia Dortmund,1:3,CF,37',0:2,Right-footed shot,Joshua Kimmich,Polaco
Bundesliga ,12,11/18/17,Home,Bayern Munich,FC Augsburg,3:0,CF,38',2:0,Right-footed shot,Arturo Vidal,Polaco
Bundesliga ,12,11/18/17,Home,Bayern Munich,FC Augsburg,3:0,CF,49',3:0,Left-footed shot,Joshua Kimmich,Polaco
Champions League ,Group Stage,11/22/17,Away,Bayern Munich,RSC Anderlecht,1:2,CF,51',0:1,Right-footed shot,Corentin Tolisso,Polaco
Bundesliga ,14,12/2/17,Home,Bayern Munich,Hannover 96,3:1,CF,87',3:1,Penalty,Not Applicable,Polaco
Champions League ,Group Stage,12/5/17,Home,Bayern Munich,Paris Saint-Germain,3:1,CF,8',1:0,Left-footed shot,Kingsley Coman,Polaco
Bundesliga ,16,12/13/17,Home,Bayern Munich,1. FC Köln,1:0,CF,60',1:0,Left-footed shot,Thomas Müller,Polaco
Bundesliga ,19,1/21/18,Home,Bayern Munich,SV Werder Bremen,4:2,CF,63',2:1,Header,James Rodríguez,Polaco
Bundesliga ,19,1/21/18,Home,Bayern Munich,SV Werder Bremen,4:2,CF,76',3:2,Header,Thomas Müller,Polaco
Bundesliga ,20,1/27/18,Home,Bayern Munich,TSG 1899 Hoffenheim,5:2,CF,20',1:2,Left-footed shot,Joshua Kimmich,Polaco
DFB-Pokal ,Quarter-Finals,2/6/18,Away,Bayern Munich,SC Paderborn 07,0:6,CF,25',0:2,Right-footed shot,Kingsley Coman,Polaco
Bundesliga ,22,2/10/18,Home,Bayern Munich,FC Schalke 04,2:1,CF,6',1:0,Right-footed shot,Thomas Müller,Polaco
Bundesliga ,23,2/17/18,Away,Bayern Munich,VfL Wolfsburg,1:2,CF,90'+1,1:2,Penalty,Not Applicable,Polaco
Champions League ,last 16,2/20/18,Home,Bayern Munich,Besiktas JK,5:0,CF,79',4:0,Left-footed shot,Mats Hummels,Polaco
Champions League ,last 16,2/20/18,Home,Bayern Munich,Besiktas JK,5:0,CF,88',5:0,Left-footed shot,Thomas Müller,Polaco
Bundesliga ,26,3/10/18,Home,Bayern Munich,Hamburger SV,6:0,CF,12',2:0,Header,Joshua Kimmich,Polaco
Bundesliga ,26,3/10/18,Home,Bayern Munich,Hamburger SV,6:0,CF,19',3:0,Right-footed shot,David Alaba,Polaco
Bundesliga ,26,3/10/18,Home,Bayern Munich,Hamburger SV,6:0,CF,90',6:0,Penalty,Not Applicable,Polaco
Bundesliga ,28,3/31/18,Home,Bayern Munich,Borussia Dortmund,6:0,CF,5',1:0,Right-footed shot,Thomas Müller,Polaco
Bundesliga ,28,3/31/18,Home,Bayern Munich,Borussia Dortmund,6:0,CF,44',4:0,Right-footed shot,Franck Ribéry,Polaco
Bundesliga ,28,3/31/18,Home,Bayern Munich,Borussia Dortmund,6:0,CF,87',6:0,Right-footed shot,Joshua Kimmich,Polaco
Bundesliga ,30,4/14/18,Home,Bayern Munich,Borussia Mönchengladbach,5:1,CF,82',5:1,Right-footed shot,Not Applicable,Polaco
DFB-Pokal ,Semi-Finals,4/17/18,Away,Bayern Munich,Bayer 04 Leverkusen,2:6,CF,3',0:1,Left-footed shot,Javi Martínez,Polaco
DFB-Pokal ,Semi-Finals,4/17/18,Away,Bayern Munich,Bayer 04 Leverkusen,2:6,CF,9',0:2,Right-footed shot,Franck Ribéry,Polaco
Bundesliga ,31,4/21/18,Away,Bayern Munich,Hannover 96,0:3,CF,73',0:2,Header,Sebastian Rudy,Polaco
Bundesliga ,33,5/5/18,Away,Bayern Munich,1. FC Köln,1:3,CF,61',1:2,Right-footed shot,Thomas Müller,Polaco
DFB-Pokal ,Final,5/19/18,Home,Bayern Munich,Eintracht Frankfurt,1:3,CF,53',1:1,Left-footed shot,Joshua Kimmich,Polaco
DFL-Supercup ,Final,8/12/18,Away,Bayern Munich,Eintracht Frankfurt,0:5,CF,21',0:1,Header,Joshua Kimmich,Polaco
DFL-Supercup ,Final,8/12/18,Away,Bayern Munich,Eintracht Frankfurt,0:5,CF,26',0:2,Header,Arjen Robben,Polaco
DFL-Supercup ,Final,8/12/18,Away,Bayern Munich,Eintracht Frankfurt,0:5,CF,54',0:3,Left-footed shot,Thomas Müller,Polaco
DFB-Pokal ,First Round,8/18/18,Away,Bayern Munich,SV Drochtersen/Assel,0:1,CF,81',0:1,Left-footed shot,Leon Goretzka,Polaco
Bundesliga ,1,8/24/18,Home,Bayern Munich,TSG 1899 Hoffenheim,3:1,CF,82',2:1,Penalty,Not Applicable,Polaco
Bundesliga ,2,9/1/18,Away,Bayern Munich,VfB Stuttgart,0:3,CF,62',0:2,Left-footed shot,Leon Goretzka,Polaco
Champions League ,Group Stage,9/19/18,Away,Bayern Munich,SL Benfica,0:2,CF,10',0:1,Right-footed shot,David Alaba,Polaco
Bundesliga ,4,9/22/18,Away,Bayern Munich,FC Schalke 04,0:2,CF,64',0:2,Penalty,Not Applicable,Polaco
Bundesliga ,8,10/20/18,Away,Bayern Munich,VfL Wolfsburg,1:3,CF,30',0:1,Right-footed shot,Mats Hummels,Polaco
Bundesliga ,8,10/20/18,Away,Bayern Munich,VfL Wolfsburg,1:3,CF,49',0:2,Right-footed shot,Not Applicable,Polaco
Champions League ,Group Stage,10/23/18,Away,Bayern Munich,AEK Athens,0:2,CF,63',0:2,Right-footed shot,Rafinha,Polaco
Champions League ,Group Stage,11/7/18,Home,Bayern Munich,AEK Athens,2:0,CF,31',1:0,Penalty,Not Applicable,Polaco
Champions League ,Group Stage,11/7/18,Home,Bayern Munich,AEK Athens,2:0,CF,71',2:0,Right-footed shot,Not Applicable,Polaco
Bundesliga ,11,11/10/18,Away,Bayern Munich,Borussia Dortmund,3:2,CF,26',0:1,Header,Serge Gnabry,Polaco
Bundesliga ,11,11/10/18,Away,Bayern Munich,Borussia Dortmund,3:2,CF,52',1:2,Header,Joshua Kimmich,Polaco
Champions League ,Group Stage,11/27/18,Home,Bayern Munich,SL Benfica,5:1,CF,36',3:0,Header,Joshua Kimmich,Polaco
Champions League ,Group Stage,11/27/18,Home,Bayern Munich,SL Benfica,5:1,CF,51',4:1,Header,Joshua Kimmich,Polaco
Bundesliga ,14,12/8/18,Home,Bayern Munich,1.FC Nuremberg,3:0,CF,9',1:0,Header,Joshua Kimmich,Polaco
Bundesliga ,14,12/8/18,Home,Bayern Munich,1.FC Nuremberg,3:0,CF,27',2:0,Right-footed shot,Leon Goretzka,Polaco
Champions League ,Group Stage,12/12/18,Away,Bayern Munich,Ajax Amsterdam,3:3,CF,13',0:1,Right-footed shot,Serge Gnabry,Polaco
Champions League ,Group Stage,12/12/18,Away,Bayern Munich,Ajax Amsterdam,3:3,CF,87',2:2,Penalty,Not Applicable,Polaco
Bundesliga ,15,12/15/18,Away,Bayern Munich,Hannover 96,0:4,CF,62',0:4,Header,Joshua Kimmich,Polaco
Bundesliga ,18,1/18/19,Away,Bayern Munich,TSG 1899 Hoffenheim,1:3,CF,87',1:3,Left-footed shot,Thomas Müller,Polaco
Bundesliga ,19,1/27/19,Home,Bayern Munich,VfB Stuttgart,4:1,CF,85',4:1,Right-footed shot,Joshua Kimmich,Polaco
Bundesliga ,21,2/9/19,Home,Bayern Munich,FC Schalke 04,3:1,CF,27',2:1,Right-footed shot,James Rodríguez,Polaco
Bundesliga ,24,3/2/19,Away,Bayern Munich,Borussia Mönchengladbach,1:5,CF,47',1:3,Right-footed shot,Thiago,Polaco
Bundesliga ,24,3/2/19,Away,Bayern Munich,Borussia Mönchengladbach,1:5,CF,90'+1,1:5,Penalty,Not Applicable,Polaco
Bundesliga ,25,3/9/19,Home,Bayern Munich,VfL Wolfsburg,6:0,CF,37',2:0,Right-footed shot,Serge Gnabry,Polaco
Bundesliga ,25,3/9/19,Home,Bayern Munich,VfL Wolfsburg,6:0,CF,85',6:0,Header,Franck Ribéry,Polaco
Bundesliga ,26,3/17/19,Home,Bayern Munich,1.FSV Mainz 05,6:0,CF,3',1:0,Right-footed shot,David Alaba,Polaco
Bundesliga ,27,3/30/19,Away,Bayern Munich,SC Freiburg,1:1,CF,22',1:1,Left-footed shot,Leon Goretzka,Polaco
DFB-Pokal ,Quarter-Finals,4/3/19,Home,Bayern Munich,1.FC Heidenheim 1846,5:4,CF,56',3:2,Right-footed shot,Thomas Müller,Polaco
DFB-Pokal ,Quarter-Finals,4/3/19,Home,Bayern Munich,1.FC Heidenheim 1846,5:4,CF,84',5:4,Penalty,Not Applicable,Polaco
Bundesliga ,28,4/6/19,Home,Bayern Munich,Borussia Dortmund,5:0,CF,17',2:0,Right-footed shot,Not Applicable,Polaco
Bundesliga ,28,4/6/19,Home,Bayern Munich,Borussia Dortmund,5:0,CF,89',5:0,Right-footed shot,Serge Gnabry,Polaco
DFB-Pokal ,Semi-Finals,4/24/19,Away,Bayern Munich,SV Werder Bremen,2:3,CF,36',0:1,Right-footed shot,Thomas Müller,Polaco
DFB-Pokal ,Semi-Finals,4/24/19,Away,Bayern Munich,SV Werder Bremen,2:3,CF,80',2:3,Penalty,Not Applicable,Polaco
Bundesliga ,32,5/4/19,Home,Bayern Munich,Hannover 96,3:1,CF,27',1:0,Header,Joshua Kimmich,Polaco
DFB-Pokal ,Final,5/25/19,Away,Bayern Munich,RB Leipzig,0:3,CF,29',0:1,Header,David Alaba,Polaco
DFB-Pokal ,Final,5/25/19,Away,Bayern Munich,RB Leipzig,0:3,CF,85',0:3,Left-footed shot,Joshua Kimmich,Polaco
DFB-Pokal ,First Round,8/12/19,Away,Bayern Munich,FC Energie Cottbus,1:3,CF,32',0:1,Tap-in,Kingsley Coman,Polaco
Bundesliga ,1,8/16/19,Home,Bayern Munich,Hertha BSC,2:2,CF,24',1:0,Left-footed shot,Serge Gnabry,Polaco
Bundesliga ,1,8/16/19,Home,Bayern Munich,Hertha BSC,2:2,CF,60',2:2,Penalty,Not Applicable,Polaco
Bundesliga ,2,8/24/19,Away,Bayern Munich,FC Schalke 04,0:3,CF,20',0:1,Penalty,Not Applicable,Polaco
Bundesliga ,2,8/24/19,Away,Bayern Munich,FC Schalke 04,0:3,CF,50',0:2,Direct free kick,Not Applicable,Polaco
Bundesliga ,2,8/24/19,Away,Bayern Munich,FC Schalke 04,0:3,CF,75',0:3,Right-footed shot,Kingsley Coman,Polaco
Bundesliga ,3,8/31/19,Home,Bayern Munich,1.FSV Mainz 05,6:1,CF,78',5:1,Right-footed shot,Thomas Müller,Polaco
Bundesliga ,4,9/14/19,Away,Bayern Munich,RB Leipzig,1:1,CF,3',0:1,Right-footed shot,Thomas Müller,Polaco
Champions League ,Group Stage,9/18/19,Home,Bayern Munich,Red Star Belgrade,3:0,CF,80',2:0,Right-footed shot,Not Applicable,Polaco
Bundesliga ,5,9/21/19,Home,Bayern Munich,1. FC Köln,4:0,CF,3',1:0,Right-footed shot,Joshua Kimmich,Polaco
Bundesliga ,5,9/21/19,Home,Bayern Munich,1. FC Köln,4:0,CF,48',2:0,Header,Joshua Kimmich,Polaco
Bundesliga ,6,9/28/19,Away,Bayern Munich,SC Paderborn 07,2:3,CF,79',1:3,Right-footed shot,Niklas Süle,Polaco
Champions League ,Group Stage,10/1/19,Away,Bayern Munich,Tottenham Hotspur,2:7,CF,45',1:2,Right-footed shot,Serge Gnabry,Polaco
Champions League ,Group Stage,10/1/19,Away,Bayern Munich,Tottenham Hotspur,2:7,CF,87',2:6,Right-footed shot,Philippe Coutinho,Polaco
Bundesliga ,7,10/5/19,Home,Bayern Munich,TSG 1899 Hoffenheim,1:2,CF,73',1:1,Header,Thomas Müller,Polaco
Bundesliga ,8,10/19/19,Away,Bayern Munich,FC Augsburg,2:2,CF,14',1:1,Header,Serge Gnabry,Polaco
Champions League ,Group Stage,10/22/19,Away,Bayern Munich,Olympiacos Piraeus,2:3,CF,34',1:1,Tap-in,Thomas Müller,Polaco
Champions League ,Group Stage,10/22/19,Away,Bayern Munich,Olympiacos Piraeus,2:3,CF,62',1:2,Right-footed shot,Thomas Müller,Polaco
Bundesliga ,9,10/26/19,Home,Bayern Munich,1.FC Union Berlin,2:1,CF,53',2:0,Right-footed shot,Not Applicable,Polaco
Bundesliga ,10,11/2/19,Away,Bayern Munich,Eintracht Frankfurt,5:1,CF,37',2:1,Right-footed shot,Alphonso Davies,Polaco
Champions League ,Group Stage,11/6/19,Home,Bayern Munich,Olympiacos Piraeus,2:0,CF,69',1:0,Right-footed shot,Kingsley Coman,Polaco
Bundesliga ,11,11/9/19,Home,Bayern Munich,Borussia Dortmund,4:0,CF,17',1:0,Header,Benjamin Pavard,Polaco
Bundesliga ,11,11/9/19,Home,Bayern Munich,Borussia Dortmund,4:0,CF,76',3:0,Right-footed shot,Thomas Müller,Polaco
Champions League ,Group Stage,11/26/19,Away,Bayern Munich,Red Star Belgrade,0:6,CF,53',0:2,Penalty,Not Applicable,Polaco
Champions League ,Group Stage,11/26/19,Away,Bayern Munich,Red Star Belgrade,0:6,CF,60',0:3,Tap-in,Corentin Tolisso,Polaco
Champions League ,Group Stage,11/26/19,Away,Bayern Munich,Red Star Belgrade,0:6,CF,64',0:4,Header,Benjamin Pavard,Polaco
Champions League ,Group Stage,11/26/19,Away,Bayern Munich,Red Star Belgrade,0:6,CF,67',0:5,Right-footed shot,Ivan Perisic,Polaco
Bundesliga ,15,12/14/19,Home,Bayern Munich,SV Werder Bremen,6:1,CF,45'+4,2:1,Left-footed shot,Philippe Coutinho,Polaco
Bundesliga ,15,12/14/19,Home,Bayern Munich,SV Werder Bremen,6:1,CF,72',4:1,Right-footed shot,Thomas Müller,Polaco
Bundesliga ,16,12/18/19,Away,Bayern Munich,SC Freiburg,1:3,CF,16',0:1,Right-footed shot,Alphonso Davies,Polaco
Bundesliga ,18,1/19/20,Away,Bayern Munich,Hertha BSC,0:4,CF,73',0:2,Penalty,Not Applicable,Polaco
Bundesliga ,19,1/25/20,Home,Bayern Munich,FC Schalke 04,5:0,CF,6',1:0,Right-footed shot,Ivan Perisic,Polaco
Bundesliga ,20,2/1/20,Away,Bayern Munich,1.FSV Mainz 05,1:3,CF,8',0:1,Header,Benjamin Pavard,Polaco
DFB-Pokal ,Round of 16,2/5/20,Home,Bayern Munich,TSG 1899 Hoffenheim,4:3,CF,36',3:1,Header,Thomas Müller,Polaco
DFB-Pokal ,Round of 16,2/5/20,Home,Bayern Munich,TSG 1899 Hoffenheim,4:3,CF,80',4:1,Header,Joshua Kimmich,Polaco
Bundesliga ,22,2/16/20,Away,Bayern Munich,1. FC Köln,1:4,CF,3',0:1,Left-footed shot,Thomas Müller,Polaco
Bundesliga ,23,2/21/20,Home,Bayern Munich,SC Paderborn 07,3:2,CF,70',2:1,Right-footed shot,Serge Gnabry,Polaco
Bundesliga ,23,2/21/20,Home,Bayern Munich,SC Paderborn 07,3:2,CF,88',3:2,Right-footed shot,Serge Gnabry,Polaco
Champions League ,last 16,2/25/20,Away,Bayern Munich,Chelsea FC,0:3,CF,76',0:3,Right-footed shot,Alphonso Davies,Polaco
Bundesliga ,26,5/17/20,Away,Bayern Munich,1.FC Union Berlin,0:2,CF,40',0:1,Penalty,Not Applicable,Polaco
Bundesliga ,27,5/23/20,Home,Bayern Munich,Eintracht Frankfurt,5:2,CF,46',3:0,Header,Kingsley Coman,Polaco
Bundesliga ,29,5/30/20,Home,Bayern Munich,Fortuna Düsseldorf,5:0,CF,43',3:0,Right-footed shot,Thomas Müller,Polaco
Bundesliga ,29,5/30/20,Home,Bayern Munich,Fortuna Düsseldorf,5:0,CF,50',4:0,Right-footed shot,Serge Gnabry,Polaco
Bundesliga ,30,6/6/20,Away,Bayern Munich,Bayer 04 Leverkusen,2:4,CF,66',1:4,Header,Thomas Müller,Polaco
DFB-Pokal ,Semi-Finals,6/10/20,Home,Bayern Munich,Eintracht Frankfurt,2:1,CF,74',2:1,Left-footed shot,Joshua Kimmich,Polaco
Bundesliga ,32,6/16/20,Away,Bayern Munich,SV Werder Bremen,0:1,CF,43',0:1,Right-footed shot,Jérôme Boateng,Polaco
Bundesliga ,33,6/20/20,Home,Bayern Munich,SC Freiburg,3:1,CF,24',2:0,Header,Leon Goretzka,Polaco
Bundesliga ,33,6/20/20,Home,Bayern Munich,SC Freiburg,3:1,CF,37',3:1,Right-footed shot,Lucas Hernández,Polaco
Bundesliga ,34,6/27/20,Away,Bayern Munich,VfL Wolfsburg,0:4,CF,72',0:3,Penalty,Not Applicable,Polaco
DFB-Pokal ,Final,7/4/20,Away,Bayern Munich,Bayer 04 Leverkusen,2:4,CF,59',0:3,Right-footed shot,Manuel Neuer,Polaco
DFB-Pokal ,Final,7/4/20,Away,Bayern Munich,Bayer 04 Leverkusen,2:4,CF,89',1:4,Right-footed shot,Ivan Perisic,Polaco
Champions League ,last 16,8/8/20,Home,Bayern Munich,Chelsea FC,4:1,CF,10',1:0,Penalty,Not Applicable,Polaco
Champions League ,last 16,8/8/20,Home,Bayern Munich,Chelsea FC,4:1,CF,83',4:1,Header,Álvaro Odriozola,Polaco
Champions League ,Quarter-Finals,8/14/20,Away,Bayern Munich,FC Barcelona,2:8,CF,82',2:6,Header,Philippe Coutinho,Polaco
Champions League ,Semi-Finals,8/19/20,Away,Bayern Munich,Olympique Lyon,0:3,CF,88',0:3,Header,Joshua Kimmich,Polaco
Bundesliga ,1,9/18/20,Home,Bayern Munich,FC Schalke 04,8:0,CF,31',3:0,Penalty,Not Applicable,Polaco
Bundesliga ,3,10/4/20,Home,Bayern Munich,Hertha BSC,4:3,CF,40',1:0,Right-footed shot,Serge Gnabry,Polaco
Bundesliga ,3,10/4/20,Home,Bayern Munich,Hertha BSC,4:3,CF,51',2:0,Right-footed shot,Chris Richards,Polaco
Bundesliga ,3,10/4/20,Home,Bayern Munich,Hertha BSC,4:3,CF,85',3:2,Left-footed shot,Thomas Müller,Polaco
Bundesliga ,3,10/4/20,Home,Bayern Munich,Hertha BSC,4:3,CF,90'+3,4:3,Penalty,Not Applicable,Polaco
Bundesliga ,4,10/17/20,Away,Bayern Munich,Arminia Bielefeld,1:4,CF,25',0:2,Right-footed shot,Leon Goretzka,Polaco
Bundesliga ,4,10/17/20,Away,Bayern Munich,Arminia Bielefeld,1:4,CF,45'+1,0:3,Right-footed shot,Thomas Müller,Polaco
Bundesliga ,5,10/24/20,Home,Bayern Munich,Eintracht Frankfurt,5:0,CF,10',1:0,Left-footed shot,Kingsley Coman,Polaco
Bundesliga ,5,10/24/20,Home,Bayern Munich,Eintracht Frankfurt,5:0,CF,26',2:0,Header,Joshua Kimmich,Polaco
Bundesliga ,5,10/24/20,Home,Bayern Munich,Eintracht Frankfurt,5:0,CF,60',3:0,Right-footed shot,Douglas Costa,Polaco
Champions League ,Group Stage,11/3/20,Away,Bayern Munich,Red Bull Salzburg,2:6,CF,21',1:1,Penalty,Not Applicable,Polaco
Champions League ,Group Stage,11/3/20,Away,Bayern Munich,Red Bull Salzburg,2:6,CF,88',2:5,Header,Javi Martínez,Polaco
Bundesliga ,7,11/7/20,Away,Bayern Munich,Borussia Dortmund,2:3,CF,48',1:2,Header,Lucas Hernández,Polaco
Champions League ,Group Stage,11/25/20,Home,Bayern Munich,Red Bull Salzburg,3:1,CF,42',1:0,Left-footed shot,Not Applicable,Polaco
Bundesliga ,9,11/28/20,Away,Bayern Munich,VfB Stuttgart,1:3,CF,45'+1,1:2,Right-footed shot,Kingsley Coman,Polaco
Bundesliga ,11,12/12/20,Away,Bayern Munich,1.FC Union Berlin,1:1,CF,67',1:1,Right-footed shot,Kingsley Coman,Polaco
Bundesliga ,12,12/16/20,Home,Bayern Munich,VfL Wolfsburg,2:1,CF,45'+1,1:1,Header,Kingsley Coman,Polaco
Bundesliga ,12,12/16/20,Home,Bayern Munich,VfL Wolfsburg,2:1,CF,50',2:1,Right-footed shot,Jérôme Boateng,Polaco
Bundesliga ,13,12/19/20,Away,Bayern Munich,Bayer 04 Leverkusen,1:2,CF,43',1:1,Header,Thomas Müller,Polaco
Bundesliga ,13,12/19/20,Away,Bayern Munich,Bayer 04 Leverkusen,1:2,CF,90'+3,1:2,Deflected shot on goal,Joshua Kimmich,Polaco
Bundesliga ,14,1/3/21,Home,Bayern Munich,1.FSV Mainz 05,5:2,CF,76',4:2,Penalty,Not Applicable,Polaco
Bundesliga ,14,1/3/21,Home,Bayern Munich,1.FSV Mainz 05,5:2,CF,83',5:2,Right-footed shot,Thomas Müller,Polaco
Bundesliga ,15,1/8/21,Away,Bayern Munich,Borussia Mönchengladbach,3:2,CF,20',0:1,Penalty,Not Applicable,Polaco
Bundesliga ,16,1/17/21,Home,Bayern Munich,SC Freiburg,2:1,CF,7',1:0,Left-footed shot,Thomas Müller,Polaco
Bundesliga ,17,1/20/21,Away,Bayern Munich,FC Augsburg,0:1,CF,13',0:1,Penalty,Not Applicable,Polaco
Bundesliga ,18,1/24/21,Away,Bayern Munich,FC Schalke 04,0:4,CF,54',0:2,Right-footed shot,Joshua Kimmich,Polaco
Bundesliga ,19,1/30/21,Home,Bayern Munich,TSG 1899 Hoffenheim,4:1,CF,57',3:1,Right-footed shot,Not Applicable,Polaco
Club World Cup ,Semi-Finals,2/8/21,Away,Bayern Munich,El Ahly Cairo,0:2,CF,17',0:1,Right-footed shot,Serge Gnabry,Polaco
Club World Cup ,Semi-Finals,2/8/21,Away,Bayern Munich,El Ahly Cairo,0:2,CF,85',0:2,Header,Leroy Sané,Polaco
Bundesliga ,21,2/15/21,Home,Bayern Munich,Arminia Bielefeld,3:3,CF,48',1:2,Right-footed shot,David Alaba,Polaco
Bundesliga ,22,2/20/21,Away,Bayern Munich,Eintracht Frankfurt,2:1,CF,53',2:1,Right-footed shot,Leroy Sané,Polaco
Champions League ,last 16,2/23/21,Away,Bayern Munich,SS Lazio,1:4,CF,9',0:1,Left-footed shot,Not Applicable,Polaco
Bundesliga ,23,2/27/21,Home,Bayern Munich,1. FC Köln,5:1,CF,33',2:0,Right-footed shot,Leon Goretzka,Polaco
Bundesliga ,23,2/27/21,Home,Bayern Munich,1. FC Köln,5:1,CF,65',3:1,Right-footed shot,Thomas Müller,Polaco
Bundesliga ,24,3/6/21,Home,Bayern Munich,Borussia Dortmund,4:2,CF,26',1:2,Right-footed shot,Leroy Sané,Polaco
Bundesliga ,24,3/6/21,Home,Bayern Munich,Borussia Dortmund,4:2,CF,44',2:2,Penalty,Not Applicable,Polaco
Bundesliga ,24,3/6/21,Home,Bayern Munich,Borussia Dortmund,4:2,CF,90',4:2,Right-footed shot,Alphonso Davies,Polaco
Bundesliga ,25,3/13/21,Away,Bayern Munich,SV Werder Bremen,1:3,CF,67',0:3,Right-footed shot,Not Applicable,Polaco
Champions League ,last 16,3/17/21,Home,Bayern Munich,SS Lazio,2:1,CF,33',1:0,Penalty,Not Applicable,Polaco
Bundesliga ,26,3/20/21,Home,Bayern Munich,VfB Stuttgart,4:0,CF,18',1:0,Right-footed shot,Serge Gnabry,Polaco
Bundesliga ,26,3/20/21,Home,Bayern Munich,VfB Stuttgart,4:0,CF,23',3:0,Header,Thomas Müller,Polaco
Bundesliga ,26,3/20/21,Home,Bayern Munich,VfB Stuttgart,4:0,CF,39',4:0,Left-footed shot,Not Applicable,Polaco
Bundesliga ,31,4/24/21,Away,Bayern Munich,1.FSV Mainz 05,2:1,CF,90'+4,2:1,Right-footed shot,Not Applicable,Polaco
Bundesliga ,32,5/8/21,Home,Bayern Munich,Borussia Mönchengladbach,6:0,CF,2',1:0,Right-footed shot,David Alaba,Polaco
Bundesliga ,32,5/8/21,Home,Bayern Munich,Borussia Mönchengladbach,6:0,CF,34',3:0,Right-footed shot,Thomas Müller,Polaco
Bundesliga ,32,5/8/21,Home,Bayern Munich,Borussia Mönchengladbach,6:0,CF,66',5:0,Penalty,Not Applicable,Polaco
Bundesliga ,33,5/15/21,Away,Bayern Munich,SC Freiburg,2:2,CF,26',0:1,Penalty,Not Applicable,Polaco
Bundesliga ,34,5/22/21,Home,Bayern Munich,FC Augsburg,5:2,CF,90',5:2,Right-footed shot,Leroy Sané,Polaco
Bundesliga ,1,8/13/21,Away,Bayern Munich,Borussia Mönchengladbach,1:1,CF,42',1:1,Right-footed shot,Joshua Kimmich,Polaco
DFL-Supercup ,Final,8/17/21,Away,Bayern Munich,Borussia Dortmund,1:3,CF,41',0:1,Header,Serge Gnabry,Polaco
DFL-Supercup ,Final,8/17/21,Away,Bayern Munich,Borussia Dortmund,1:3,CF,74',1:3,Right-footed shot,Corentin Tolisso,Polaco
Bundesliga ,2,8/22/21,Home,Bayern Munich,1. FC Köln,3:2,CF,50',1:0,Right-footed shot,Jamal Musiala,Polaco
Bundesliga ,3,8/28/21,Home,Bayern Munich,Hertha BSC,5:0,CF,35',2:0,Header,Not Applicable,Polaco
Bundesliga ,3,8/28/21,Home,Bayern Munich,Hertha BSC,5:0,CF,70',4:0,Left-footed shot,Leroy Sané,Polaco
Bundesliga ,3,8/28/21,Home,Bayern Munich,Hertha BSC,5:0,CF,84',5:0,Header,Tanguy Nianzou,Polaco
Bundesliga ,4,9/11/21,Away,Bayern Munich,RB Leipzig,1:4,CF,12',0:1,Penalty,Not Applicable,Polaco
Champions League ,Group Stage,9/14/21,Away,Bayern Munich,FC Barcelona,0:3,CF,56',0:2,Left-footed shot,Not Applicable,Polaco
Champions League ,Group Stage,9/14/21,Away,Bayern Munich,FC Barcelona,0:3,CF,85',0:3,Left-footed shot,Not Applicable,Polaco
Bundesliga ,5,9/18/21,Home,Bayern Munich,VfL Bochum,7:0,CF,61',5:0,Right-footed shot,Not Applicable,Polaco
Champions League ,Group Stage,9/29/21,Home,Bayern Munich,Dynamo Kyiv,5:0,CF,12',1:0,Penalty,Not Applicable,Polaco
Champions League ,Group Stage,9/29/21,Home,Bayern Munich,Dynamo Kyiv,5:0,CF,27',2:0,Right-footed shot,Thomas Müller,Polaco
Bundesliga ,8,10/17/21,Away,Bayern Munich,Bayer 04 Leverkusen,1:5,CF,3',0:1,Right-footed shot,Dayot Upamecano,Polaco
Bundesliga ,8,10/17/21,Away,Bayern Munich,Bayer 04 Leverkusen,1:5,CF,30',0:2,Right-footed shot,Alphonso Davies,Polaco
Champions League ,Group Stage,10/20/21,Away,Bayern Munich,SL Benfica,0:4,CF,82',0:3,Left-footed shot,Leroy Sané,Polaco
Bundesliga ,9,10/23/21,Home,Bayern Munich,TSG 1899 Hoffenheim,4:0,CF,30',2:0,Right-footed shot,Thomas Müller,Polaco
Bundesliga ,10,10/30/21,Away,Bayern Munich,1.FC Union Berlin,2:5,CF,15',0:1,Penalty,Not Applicable,Polaco
Bundesliga ,10,10/30/21,Away,Bayern Munich,1.FC Union Berlin,2:5,CF,23',0:2,Right-footed shot,Thomas Müller,Polaco
Champions League ,Group Stage,11/2/21,Home,Bayern Munich,SL Benfica,5:2,CF,26',1:0,Header,Kingsley Coman,Polaco
Champions League ,Group Stage,11/2/21,Home,Bayern Munich,SL Benfica,5:2,CF,61',4:1,Right-footed shot,Leroy Sané,Polaco
Champions League ,Group Stage,11/2/21,Home,Bayern Munich,SL Benfica,5:2,CF,84',5:2,Right-footed shot,Manuel Neuer,Polaco
Bundesliga ,11,11/6/21,Home,Bayern Munich,SC Freiburg,2:1,CF,75',2:0,Right-footed shot,Leroy Sané,Polaco
Bundesliga ,12,11/19/21,Away,Bayern Munich,FC Augsburg,2:1,CF,38',2:1,Right-footed shot,Thomas Müller,Polaco
Champions League ,Group Stage,11/23/21,Away,Bayern Munich,Dynamo Kyiv,1:2,CF,14',0:1,Right-footed shot,Not Applicable,Polaco
Bundesliga ,14,12/4/21,Away,Bayern Munich,Borussia Dortmund,2:3,CF,9',1:1,Right-footed shot,Thomas Müller,Polaco
Bundesliga ,14,12/4/21,Away,Bayern Munich,Borussia Dortmund,2:3,CF,77',2:3,Penalty,Not Applicable,Polaco
Bundesliga ,16,12/14/21,Away,Bayern Munich,VfB Stuttgart,0:5,CF,69',0:3,Right-footed shot,Serge Gnabry,Polaco
Bundesliga ,16,12/14/21,Away,Bayern Munich,VfB Stuttgart,0:5,CF,72',0:4,Right-footed shot,Serge Gnabry,Polaco
Bundesliga ,17,12/17/21,Home,Bayern Munich,VfL Wolfsburg,4:0,CF,87',4:0,Left-footed shot,Jamal Musiala,Polaco
Bundesliga ,18,1/7/22,Home,Bayern Munich,Borussia Mönchengladbach,1:2,CF,18',1:0,Right-footed shot,Thomas Müller,Polaco
Bundesliga ,19,1/15/22,Away,Bayern Munich,1. FC Köln,0:4,CF,9',0:1,Counter attack goal,Thomas Müller,Polaco
Bundesliga ,19,1/15/22,Away,Bayern Munich,1. FC Köln,0:4,CF,62',0:3,Left-footed shot,Leroy Sané,Polaco
Bundesliga ,19,1/15/22,Away,Bayern Munich,1. FC Köln,0:4,CF,74',0:4,Left-footed shot,Leroy Sané,Polaco
Bundesliga ,21,2/5/22,Home,Bayern Munich,RB Leipzig,3:2,CF,44',2:1,Header,Kingsley Coman,Polaco
Bundesliga ,22,2/12/22,Away,Bayern Munich,VfL Bochum,4:2,CF,9',0:1,Right-footed shot,Kingsley Coman,Polaco
Bundesliga ,22,2/12/22,Away,Bayern Munich,VfL Bochum,4:2,CF,75',4:2,Right-footed shot,Not Applicable,Polaco
Bundesliga ,23,2/20/22,Home,Bayern Munich,SpVgg Greuther Fürth,4:1,CF,46',1:1,Left-footed shot,Eric Maxim Choupo-Moting,Polaco
Bundesliga ,23,2/20/22,Home,Bayern Munich,SpVgg Greuther Fürth,4:1,CF,82',3:1,Header,Niklas Süle,Polaco
Champions League ,last 16,3/8/22,Home,Bayern Munich,Red Bull Salzburg,7:1,CF,12',1:0,Penalty,Not Applicable,Polaco
Champions League ,last 16,3/8/22,Home,Bayern Munich,Red Bull Salzburg,7:1,CF,21',2:0,Penalty,Not Applicable,Polaco
Champions League ,last 16,3/8/22,Home,Bayern Munich,Red Bull Salzburg,7:1,CF,23',3:0,Right-footed shot,Not Applicable,Polaco
Bundesliga ,26,3/12/22,Away,Bayern Munich,TSG 1899 Hoffenheim,1:1,CF,45'+3,1:1,Header,Joshua Kimmich,Polaco
Bundesliga ,27,3/19/22,Home,Bayern Munich,1.FC Union Berlin,4:0,CF,45'+1,3:0,Penalty,Not Applicable,Polaco
Bundesliga ,27,3/19/22,Home,Bayern Munich,1.FC Union Berlin,4:0,CF,47',4:0,Left-footed shot,Jamal Musiala,Polaco
Bundesliga ,29,4/9/22,Home,Bayern Munich,FC Augsburg,1:0,CF,82',1:0,Penalty,Not Applicable,Polaco
Champions League ,Quarter-Finals,4/12/22,Home,Bayern Munich,Villarreal CF,1:1,CF,52',1:0,Right-footed shot,Thomas Müller,Polaco
Bundesliga ,31,4/23/22,Home,Bayern Munich,Borussia Dortmund,3:1,CF,34',2:0,Left-footed shot,Thomas Müller,Polaco
Bundesliga ,32,4/30/22,Away,Bayern Munich,1.FSV Mainz 05,3:1,CF,33',2:1,Left-footed shot,Eric Maxim Choupo-Moting,Polaco
Bundesliga ,34,5/14/22,Away,Bayern Munich,VfL Wolfsburg,2:2,CF,40',0:2,Header,Thomas Müller,Polaco
LaLiga ,2,8/21/22,Away,FC Barcelona,Real Sociedad,1:4,CF,1',0:1,Counter attack goal,Alejandro Balde,Polaco
LaLiga ,2,8/21/22,Away,FC Barcelona,Real Sociedad,1:4,CF,68',1:3,Right-footed shot,Ansu Fati,Polaco
LaLiga ,3,8/28/22,Home,FC Barcelona,Real Valladolid CF,4:0,CF,24',1:0,Left-footed shot,Raphinha,Polaco
LaLiga ,3,8/28/22,Home,FC Barcelona,Real Valladolid CF,4:0,CF,64',3:0,Not Applicable,Ousmane Dembélé,Polaco
LaLiga ,4,9/3/22,Away,FC Barcelona,Sevilla FC,0:3,CF,36',0:2,Right-footed shot,Jules Koundé,Polaco
Champions League ,Group Stage,9/7/22,Home,FC Barcelona,FC Viktoria Plzen,5:1,CF,34',2:0,Right-footed shot,Sergi Roberto,Polaco
Champions League ,Group Stage,9/7/22,Home,FC Barcelona,FC Viktoria Plzen,5:1,CF,45'+3,3:1,Header,Ousmane Dembélé,Polaco
Champions League ,Group Stage,9/7/22,Home,FC Barcelona,FC Viktoria Plzen,5:1,CF,67',4:1,Right-footed shot,Ferran Torres,Polaco
LaLiga ,5,9/10/22,Away,FC Barcelona,Cádiz CF,0:4,CF,65',0:2,Tap-in,Not Applicable,Polaco
LaLiga ,6,9/17/22,Home,FC Barcelona,Elche CF,3:0,CF,34',1:0,Not Applicable,Alejandro Balde,Polaco
LaLiga ,6,9/17/22,Home,FC Barcelona,Elche CF,3:0,CF,48',3:0,Not Applicable,Not Applicable,Polaco
LaLiga ,7,10/1/22,Away,FC Barcelona,RCD Mallorca,0:1,CF,20',0:1,Right-footed shot,Ansu Fati,Polaco
Bundesliga ,26,3/12/22,Away,Bayern Munich,TSG 1899 Hoffenheim,1:1,CF,45'+3,1:1,Header,Joshua Kimmich,Polaco
Bundesliga ,27,3/19/22,Home,Bayern Munich,1.FC Union Berlin,4:0,CF,45'+1,3:0,Penalty,Not Applicable,Polaco
Bundesliga ,27,3/19/22,Home,Bayern Munich,1.FC Union Berlin,4:0,CF,47',4:0,Left-footed shot,Jamal Musiala,Polaco
Bundesliga ,29,4/9/22,Home,Bayern Munich,FC Augsburg,1:0,CF,82',1:0,Penalty,Not Applicable,Polaco
Champions League ,Quarter-Finals,4/12/22,Home,Bayern Munich,Villarreal CF,1:1,CF,52',1:0,Right-footed shot,Thomas Müller,Polaco
Bundesliga ,31,4/23/22,Home,Bayern Munich,Borussia Dortmund,3:1,CF,34',2:0,Left-footed shot,Thomas Müller,Polaco
Bundesliga ,32,4/30/22,Away,Bayern Munich,1.FSV Mainz 05,3:1,CF,33',2:1,Left-footed shot,Eric Maxim Choupo-Moting,Polaco
Bundesliga ,34,5/14/22,Away,Bayern Munich,VfL Wolfsburg,2:2,CF,40',0:2,Header,Thomas Müller,Polaco
LaLiga ,2,8/21/22,Away,FC Barcelona,Real Sociedad,1:4,CF,1',0:1,Counter attack goal,Alejandro Balde,Polaco
LaLiga ,2,8/21/22,Away,FC Barcelona,Real Sociedad,1:4,CF,68',1:3,Right-footed shot,Ansu Fati,Polaco
LaLiga ,3,8/28/22,Home,FC Barcelona,Real Valladolid CF,4:0,CF,24',1:0,Left-footed shot,Raphinha,Polaco
LaLiga ,3,8/28/22,Home,FC Barcelona,Real Valladolid CF,4:0,CF,64',3:0,Not Applicable,Ousmane Dembélé,Polaco
LaLiga ,4,9/3/22,Away,FC Barcelona,Sevilla FC,0:3,CF,36',0:2,Right-footed shot,Jules Koundé,Polaco
Champions League ,Group Stage,9/7/22,Home,FC Barcelona,FC Viktoria Plzen,5:1,CF,34',2:0,Right-footed shot,Sergi Roberto,Polaco
Champions League ,Group Stage,9/7/22,Home,FC Barcelona,FC Viktoria Plzen,5:1,CF,45'+3,3:1,Header,Ousmane Dembélé,Polaco
Champions League ,Group Stage,9/7/22,Home,FC Barcelona,FC Viktoria Plzen,5:1,CF,67',4:1,Right-footed shot,Ferran Torres,Polaco
LaLiga ,5,9/10/22,Away,FC Barcelona,Cádiz CF,0:4,CF,65',0:2,Tap-in,Not Applicable,Polaco
LaLiga ,6,9/17/22,Home,FC Barcelona,Elche CF,3:0,CF,34',1:0,Not Applicable,Alejandro Balde,Polaco
LaLiga ,6,9/17/22,Home,FC Barcelona,Elche CF,3:0,CF,48',3:0,Not Applicable,Not Applicable,Polaco
LaLiga ,7,10/1/22,Away,FC Barcelona,RCD Mallorca,0:1,CF,20',0:1,Right-footed shot,Ansu Fati,Polaco
LaLiga ,2,8/21/22,Away,FC Barcelona,Real Sociedad,1:4,CF,68',1:3,Right-footed shot,Ansu Fati,Polaco
LaLiga ,3,8/28/22,Home,FC Barcelona,Real Valladolid CF,4:0,CF,24',1:0,Left-footed shot,Raphinha,Polaco
LaLiga ,3,8/28/22,Home,FC Barcelona,Real Valladolid CF,4:0,CF,64',3:0,Not Applicable,Ousmane Dembélé,Polaco
LaLiga ,4,9/3/22,Away,FC Barcelona,Sevilla FC,0:3,CF,36',0:2,Right-footed shot,Jules Koundé,Polaco
Champions League ,Group Stage,9/7/22,Home,FC Barcelona,FC Viktoria Plzen,5:1,CF,34',2:0,Right-footed shot,Sergi Roberto,Polaco
Champions League ,Group Stage,9/7/22,Home,FC Barcelona,FC Viktoria Plzen,5:1,CF,45'+3,3:1,Header,Ousmane Dembélé,Polaco
Champions League ,Group Stage,9/7/22,Home,FC Barcelona,FC Viktoria Plzen,5:1,CF,67',4:1,Right-footed shot,Ferran Torres,Polaco
LaLiga ,5,9/10/22,Away,FC Barcelona,Cádiz CF,0:4,CF,65',0:2,Tap-in,Not Applicable,Polaco
LaLiga ,6,9/17/22,Home,FC Barcelona,Elche CF,3:0,CF,34',1:0,Not Applicable,Alejandro Balde,Polaco
LaLiga ,6,9/17/22,Home,FC Barcelona,Elche CF,3:0,CF,48',3:0,Not Applicable,Not Applicable,Polaco
LaLiga ,7,10/1/22,Away,FC Barcelona,RCD Mallorca,0:1,CF,20',0:1,Right-footed shot,Ansu Fati,Polaco
,,,,,,,,,,,,
,,,,,,,,,,,,
,,,,,,,,,,,,
,,,,,,,,,,,,
,,,,,,,,,,,,
,,,,,,,,,,,,
,,,,,,,,,,,,
,,,,,,,,,,,,
,,,,,,,,,,,,
,,,,,,,,,,,,
,,,,,,,,,,,,
,,,,,,,,,,,,
,,,,,,,,,,,,
,,,,,,,,,,,,
,,,,,,,,,,,,
,,,,,,,,,,,,
,,,,,,,,,,,,
,,,,,,,,,,,,
,,,,,,,,,,,,
,,,,,,,,,,,,
,,,,,,,,,,,,
,,,,,,,,,,,,
,,,,,,,,,,,,
,,,,,,,,,,,,
,,,,,,,,,,,,
,,,,,,,,,,,,
,,,,,,,,,,,,
,,,,,,,,,,,,
,,,,,,,,,,,,
,,,,,,,,,,,,
,,,,,,,,,,,,
,,,,,,,,,,,,
,,,,,,,,,,,,
,,,,,,,,,,,,
,,,,,,,,,,,,
,,,,,,,,,,,,
,,,,,,,,,,,,
,,,,,,,,,,,,
,,,,,,,,,,,,
,,,,,,,,,,,,
,,,,,,,,,,,,
,,,,,,,,,,,,
,,,,,,,,,,,,
,,,,,,,,,,,,
,,,,,,,,,,,,
,,,,,,,,,,,,
,,,,,,,,,,,,
,,,,,,,,,,,,
,,,,,,,,,,,,
,,,,,,,,,,,,
,,,,,,,,,,,,
,,,,,,,,,,,,
,,,,,,,,,,,,
,,,,,,,,,,,,
,,,,,,,,,,,,
,,,,,,,,,,,,
,,,,,,,,,,,,
,,,,,,,,,,,,
,,,,,,,,,,,,
,,,,,,,,,,,,
,,,,,,,,,,,,
,,,,,,,,,,,,
,,,,,,,,,,,,
,,,,,,,,,,,,
,,,,,,,,,,,,
,,,,,,,,,,,,
,,,,,,,,,,,,
,,,,,,,,,,,,
,,,,,,,,,,,,
,,,,,,,,,,,,
,,,,,,,,,,,,
,,,,,,,,,,,,
,,,,,,,,,,,,
,,,,,,,,,,,,
,,,,,,,,,,,,
,,,,,,,,,,,,
